{
    "accuracy": 0.7227579556412729,
    "precision": 0.7994542974079127,
    "recall": 0.5779092702169625,
    "auc": 0.8149110565293439
}
