{
    "accuracy": 0.7275064267352185,
    "precision": 0.8065099457504521,
    "recall": 0.5845347313237221,
    "auc": 0.8197316294774559
}
